{"personen":[{"vorname":"Maxs","nachname":"Mustermannsw","telefonnummer":"555-555-1234","email":"max.mustermann@example.com"},{"vorname":"Lisa","nachname":"M\u00fcllerss","telefonnummer":"555-555-5678","email":"lisa.mueller@example.com"},{"vorname":"Peter","nachname":"Schmidt","telefonnummer":"555-555-67855533","email":"peter.schmidt@example.com"},{"vorname":"Hans","nachname":"M\u00fcller","telefonnummer":"555-555-1548","email":"hans.mueller@example.com"},{"vorname":"Karl","nachname":"M\u00fcller","telefonnummer":"555-555-5847","email":"karl.mueller@example.com"}]}